{
  "designation": "1025J475-P",
  "manufacturer": "Animal Motor Works",
  "diameter": 5.4e-05,
  "length": 0.000326,
  "total_mass": 0.0,
  "propellant_mass": 0.0,
  "case_mass": 0.0,
  "burn_time": 2.117,
  "total_impulse": 1032.945115,
  "avg_thrust": 487.9287269721304,
  "max_thrust": 613.616,
  "thrust_curve": [
    [
      0.0,
      0.0
    ],
    [
      0.008,
      250.212
    ],
    [
      0.032,
      402.127
    ],
    [
      0.037,
      458.723
    ],
    [
      0.045,
      449.787
    ],
    [
      0.056,
      464.68
    ],
    [
      0.077,
      458.723
    ],
    [
      0.08,
      464.68
    ],
    [
      0.099,
      455.744
    ],
    [
      0.117,
      455.744
    ],
    [
      0.128,
      449.787
    ],
    [
      0.141,
      455.744
    ],
    [
      0.155,
      443.829
    ],
    [
      0.165,
      455.744
    ],
    [
      0.197,
      464.68
    ],
    [
      0.232,
      473.616
    ],
    [
      0.256,
      482.552
    ],
    [
      0.261,
      491.489
    ],
    [
      0.267,
      482.552
    ],
    [
      0.299,
      494.467
    ],
    [
      0.36,
      515.318
    ],
    [
      0.459,
      536.169
    ],
    [
      0.594,
      565.957
    ],
    [
      0.714,
      580.85
    ],
    [
      0.826,
      598.722
    ],
    [
      0.93,
      607.659
    ],
    [
      1.005,
      613.616
    ],
    [
      1.074,
      607.659
    ],
    [
      1.112,
      601.701
    ],
    [
      1.176,
      598.722
    ],
    [
      1.25,
      589.786
    ],
    [
      1.304,
      574.893
    ],
    [
      1.32,
      580.85
    ],
    [
      1.333,
      574.893
    ],
    [
      1.368,
      568.935
    ],
    [
      1.466,
      533.191
    ],
    [
      1.568,
      491.489
    ],
    [
      1.65,
      455.744
    ],
    [
      1.703,
      428.936
    ],
    [
      1.741,
      402.127
    ],
    [
      1.765,
      399.148
    ],
    [
      1.802,
      387.233
    ],
    [
      1.818,
      390.212
    ],
    [
      1.826,
      387.233
    ],
    [
      1.845,
      387.233
    ],
    [
      1.869,
      390.212
    ],
    [
      1.879,
      387.233
    ],
    [
      1.901,
      375.319
    ],
    [
      1.906,
      354.468
    ],
    [
      1.938,
      294.893
    ],
    [
      1.981,
      214.468
    ],
    [
      2.015,
      148.936
    ],
    [
      2.061,
      83.404
    ],
    [
      2.101,
      17.872
    ],
    [
      2.117,
      0.0
    ]
  ],
  "delays": [],
  "url": "https://www.thrustcurve.org/motors/5f4294d20002310000000268.html"
}