{
  "designation": "1806K670-P",
  "manufacturer": "Animal Motor Works",
  "diameter": 5.4e-05,
  "length": 0.000491,
  "total_mass": 0.0,
  "propellant_mass": 0.0,
  "case_mass": 0.0,
  "burn_time": 2.645,
  "total_impulse": 1802.0567555000002,
  "avg_thrust": 681.3069018903592,
  "max_thrust": 825.096,
  "thrust_curve": [
    [
      0.0,
      0.0
    ],
    [
      0.033,
      610.402
    ],
    [
      0.052,
      752.128
    ],
    [
      0.06,
      775.983
    ],
    [
      0.076,
      785.805
    ],
    [
      0.098,
      813.87
    ],
    [
      0.109,
      822.289
    ],
    [
      0.133,
      818.08
    ],
    [
      0.166,
      825.096
    ],
    [
      0.185,
      820.886
    ],
    [
      0.21,
      813.87
    ],
    [
      0.226,
      825.096
    ],
    [
      0.253,
      818.08
    ],
    [
      0.286,
      820.886
    ],
    [
      0.321,
      818.08
    ],
    [
      0.457,
      809.66
    ],
    [
      0.593,
      805.451
    ],
    [
      0.688,
      802.644
    ],
    [
      0.729,
      791.418
    ],
    [
      0.803,
      792.822
    ],
    [
      0.86,
      780.193
    ],
    [
      0.925,
      778.789
    ],
    [
      0.988,
      770.37
    ],
    [
      1.061,
      760.547
    ],
    [
      1.116,
      759.144
    ],
    [
      1.176,
      752.128
    ],
    [
      1.271,
      735.289
    ],
    [
      1.309,
      738.096
    ],
    [
      1.344,
      735.289
    ],
    [
      1.363,
      731.08
    ],
    [
      1.41,
      735.289
    ],
    [
      1.448,
      735.289
    ],
    [
      1.494,
      731.08
    ],
    [
      1.524,
      735.289
    ],
    [
      1.557,
      731.08
    ],
    [
      1.616,
      721.257
    ],
    [
      1.654,
      714.241
    ],
    [
      1.682,
      721.257
    ],
    [
      1.728,
      705.822
    ],
    [
      1.766,
      705.822
    ],
    [
      1.799,
      705.822
    ],
    [
      1.826,
      698.806
    ],
    [
      1.856,
      690.386
    ],
    [
      1.889,
      687.58
    ],
    [
      1.921,
      688.983
    ],
    [
      1.946,
      684.773
    ],
    [
      1.976,
      684.773
    ],
    [
      2.0,
      674.951
    ],
    [
      2.014,
      681.967
    ],
    [
      2.049,
      669.338
    ],
    [
      2.063,
      659.515
    ],
    [
      2.106,
      649.693
    ],
    [
      2.136,
      651.096
    ],
    [
      2.163,
      655.306
    ],
    [
      2.177,
      648.289
    ],
    [
      2.199,
      651.096
    ],
    [
      2.212,
      646.886
    ],
    [
      2.22,
      638.467
    ],
    [
      2.248,
      617.419
    ],
    [
      2.267,
      600.58
    ],
    [
      2.283,
      599.177
    ],
    [
      2.316,
      568.306
    ],
    [
      2.359,
      516.386
    ],
    [
      2.384,
      464.467
    ],
    [
      2.4,
      425.177
    ],
    [
      2.444,
      326.951
    ],
    [
      2.474,
      259.596
    ],
    [
      2.52,
      171.193
    ],
    [
      2.563,
      112.258
    ],
    [
      2.61,
      63.145
    ],
    [
      2.645,
      0.0
    ]
  ],
  "delays": [],
  "url": "https://www.thrustcurve.org/motors/5f4294d2000231000000026e.html"
}