{
  "designation": "J435WS",
  "manufacturer": "AeroTech",
  "diameter": 3.8e-05,
  "length": 0.0003659,
  "total_mass": 0.0,
  "propellant_mass": 0.0,
  "case_mass": 0.0,
  "burn_time": 1.781,
  "total_impulse": 772.1129965000001,
  "avg_thrust": 433.5277914093207,
  "max_thrust": 694.661,
  "thrust_curve": [
    [
      0.0,
      0.0
    ],
    [
      0.029,
      11.077
    ],
    [
      0.03,
      41.142
    ],
    [
      0.031,
      212.038
    ],
    [
      0.036,
      528.512
    ],
    [
      0.038,
      378.187
    ],
    [
      0.048,
      694.661
    ],
    [
      0.067,
      625.036
    ],
    [
      0.071,
      688.331
    ],
    [
      0.083,
      631.366
    ],
    [
      0.095,
      651.937
    ],
    [
      0.105,
      610.795
    ],
    [
      0.116,
      629.784
    ],
    [
      0.135,
      610.795
    ],
    [
      0.145,
      621.872
    ],
    [
      0.166,
      655.101
    ],
    [
      0.171,
      625.036
    ],
    [
      0.304,
      601.301
    ],
    [
      0.399,
      564.906
    ],
    [
      0.456,
      558.577
    ],
    [
      0.504,
      547.5
    ],
    [
      0.549,
      549.083
    ],
    [
      0.613,
      538.006
    ],
    [
      0.672,
      531.677
    ],
    [
      0.701,
      525.347
    ],
    [
      0.762,
      525.347
    ],
    [
      0.803,
      515.853
    ],
    [
      0.848,
      506.359
    ],
    [
      0.903,
      501.612
    ],
    [
      0.983,
      492.117
    ],
    [
      1.017,
      485.788
    ],
    [
      1.059,
      479.458
    ],
    [
      1.152,
      469.964
    ],
    [
      1.261,
      449.393
    ],
    [
      1.276,
      454.14
    ],
    [
      1.316,
      441.481
    ],
    [
      1.366,
      425.658
    ],
    [
      1.387,
      401.922
    ],
    [
      1.409,
      343.374
    ],
    [
      1.42,
      375.022
    ],
    [
      1.428,
      340.21
    ],
    [
      1.435,
      229.444
    ],
    [
      1.451,
      242.103
    ],
    [
      1.499,
      212.038
    ],
    [
      1.508,
      188.302
    ],
    [
      1.527,
      215.202
    ],
    [
      1.532,
      118.678
    ],
    [
      1.544,
      63.295
    ],
    [
      1.558,
      132.919
    ],
    [
      1.575,
      87.03
    ],
    [
      1.587,
      125.007
    ],
    [
      1.601,
      83.866
    ],
    [
      1.618,
      115.513
    ],
    [
      1.632,
      72.789
    ],
    [
      1.648,
      87.03
    ],
    [
      1.667,
      47.471
    ],
    [
      1.686,
      45.889
    ],
    [
      1.717,
      18.988
    ],
    [
      1.781,
      0.0
    ]
  ],
  "delays": [],
  "url": "https://www.thrustcurve.org/motors/5f4294d20002310000000458.html"
}