{
  "designation": "M2500T",
  "manufacturer": "AeroTech",
  "diameter": 9.800000000000001e-05,
  "length": 0.000751,
  "total_mass": 0.0,
  "propellant_mass": 0.0,
  "case_mass": 0.0,
  "burn_time": 3.9021,
  "total_impulse": 9056.017611220543,
  "avg_thrust": 2320.8061329080606,
  "max_thrust": 4080.53093197668,
  "thrust_curve": [
    [
      0.000100656936828725,
      62.8968452177636
    ],
    [
      0.00171092799106964,
      123.222051277355
    ],
    [
      0.00369014864750603,
      810.707177486486
    ],
    [
      0.00432375428839579,
      494.281455720228
    ],
    [
      0.00461682646124358,
      247.287335723372
    ],
    [
      0.0100094645936276,
      1946.98631798344
    ],
    [
      0.0135284274372622,
      2810.89038835589
    ],
    [
      0.0146631689248361,
      2319.10432144572
    ],
    [
      0.0148218619098734,
      1966.23247359497
    ],
    [
      0.0186493764623031,
      2961.68292838337
    ],
    [
      0.0204604899040037,
      2825.52857250697
    ],
    [
      0.022813114154736,
      2987.3020638633
    ],
    [
      0.0244731191430188,
      3149.80776615096
    ],
    [
      0.0320670820311266,
      3048.78820357428
    ],
    [
      0.0397183737118293,
      3162.24750716548
    ],
    [
      0.0450401291879642,
      3200.31047369322
    ],
    [
      0.0496469600011176,
      3155.65653598798
    ],
    [
      0.055186153148041,
      3143.21076049812
    ],
    [
      0.0558717285997964,
      3116.12619740966
    ],
    [
      0.062104127993394,
      3105.14424033491
    ],
    [
      0.068798599664305,
      3094.89415894286
    ],
    [
      0.07479790847446,
      3075.86016131427
    ],
    [
      0.0798742466984375,
      3059.75447101315
    ],
    [
      0.0877226272634788,
      3046.57601524389
    ],
    [
      0.0937260449632055,
      3042.9142230403
    ],
    [
      0.0955676815845811,
      3020.95339317821
    ],
    [
      0.0994867846704892,
      2995.33191095786
    ],
    [
      0.103408627016112,
      2979.95856568752
    ],
    [
      0.109178171486763,
      2965.31669380151
    ],
    [
      0.115878121677103,
      2975.56288630946
    ],
    [
      0.124660821189996,
      3001.91269057702
    ],
    [
      0.133436085569379,
      3000.44612312315
    ],
    [
      0.144063943608994,
      3018.01127360719
    ],
    [
      0.151909976237138,
      2996.04870045222
    ],
    [
      0.159528983785492,
      2988.72638998983
    ],
    [
      0.165069155239456,
      2979.94066341069
    ],
    [
      0.176621353495107,
      2999.70157504225
    ],
    [
      0.181802217281321,
      3009.40933237609
    ],
    [
      0.199277818290564,
      3004.36816459726
    ],
    [
      0.211984286945587,
      2989.25619350746
    ],
    [
      0.231843108017193,
      2984.21433379383
    ],
    [
      0.252501720235246,
      2999.31661779643
    ],
    [
      0.273154947994307,
      2994.27452743787
    ],
    [
      0.296198126389471,
      3014.41221309595
    ],
    [
      0.320029653955722,
      3011.8872469528
    ],
    [
      0.346247766871206,
      3021.95182285058
    ],
    [
      0.383585554238927,
      3024.45902933385
    ],
    [
      0.412981966961602,
      3037.04072944703
    ],
    [
      0.42966787268501,
      3049.62611987915
    ],
    [
      0.43364798281077,
      3079.84152819622
    ],
    [
      0.438446056632078,
      3198.18834369844
    ],
    [
      0.439271423958741,
      3314.01826563017
    ],
    [
      0.441565127390348,
      2979.11734994109
    ],
    [
      0.443093365601587,
      2752.49267708817
    ],
    [
      0.443918059870876,
      2865.80455222476
    ],
    [
      0.443964500829689,
      3039.54978108977
    ],
    [
      0.451129641336381,
      3097.4627815737
    ],
    [
      0.456646739419243,
      2933.78812537474
    ],
    [
      0.462249988845991,
      3092.42345895434
    ],
    [
      0.469379457311855,
      3016.87997929559
    ],
    [
      0.472435401491993,
      3069.19396233803
    ],
    [
      0.476266290585923,
      3121.98464324203
    ],
    [
      0.482138783839178,
      3024.09815511417
    ],
    [
      0.49012813937745,
      3057.09070623425
    ],
    [
      0.493955500746738,
      3096.68343987513
    ],
    [
      0.504346375270631,
      3027.39119452068
    ],
    [
      0.514075921575577,
      3080.18016283159
    ],
    [
      0.519966347429095,
      3049.3832399579
    ],
    [
      0.528999582245728,
      3093.37377824161
    ],
    [
      0.540791017126689,
      3071.37377428358
    ],
    [
      0.554677559990709,
      3098.86546811761
    ],
    [
      0.571679571951871,
      3098.86053181989
    ],
    [
      0.593539595593276,
      3099.95401408999
    ],
    [
      0.609152512302455,
      3095.55016500098
    ],
    [
      0.621303274055605,
      3119.74287572309
    ],
    [
      0.632750668871159,
      3108.74126189175
    ],
    [
      0.655656923607352,
      3129.63136283422
    ],
    [
      0.703203156351235,
      3167.01174526092
    ],
    [
      0.73062220679405,
      3195.59933914353
    ],
    [
      0.753876911251453,
      3221.98848403819
    ],
    [
      0.783031154851032,
      3251.67540315554
    ],
    [
      0.819125877100613,
      3284.65979427327
    ],
    [
      0.863543999734055,
      3302.24416247223
    ],
    [
      0.900676133766819,
      3322.03030410454
    ],
    [
      0.940595914566109,
      3344.05713112351
    ],
    [
      0.990594754586001,
      3355.13572037022
    ],
    [
      1.03208921281919,
      3347.20002609239
    ],
    [
      1.06658890803055,
      3356.69838591245
    ],
    [
      1.10108902682964,
      3367.78147499732
    ],
    [
      1.14308598533825,
      3369.35401115229
    ],
    [
      1.17258482229585,
      3374.09963473861
    ],
    [
      1.21458305156764,
      3380.42635868801
    ],
    [
      1.24708164101959,
      3385.17111133791
    ],
    [
      1.28257828861498,
      3383.57607599216
    ],
    [
      1.31457649573015,
      3386.73624453332
    ],
    [
      1.34907661452925,
      3397.8193336182
    ],
    [
      1.38407584490194,
      3405.73281901738
    ],
    [
      1.41607786430665,
      3423.15555094185
    ],
    [
      1.4375832915075,
      3450.08970673264
    ],
    [
      1.44907895403402,
      3437.40853402455
    ],
    [
      1.47207409137661,
      3426.30875199167
    ],
    [
      1.49956843387299,
      3413.62293428935
    ],
    [
      1.52856688849381,
      3416.78397376693
    ],
    [
      1.56506430076277,
      3418.35810663866
    ],
    [
      1.61155538137245,
      3399.32785594645
    ],
    [
      1.65654319703314,
      3367.62020660396
    ],
    [
      1.69903672558899,
      3356.51476348437
    ],
    [
      1.74302589451474,
      3329.56159224845
    ],
    [
      1.78502158226017,
      3326.37994060898
    ],
    [
      1.83501237411325,
      3307.34867382428
    ],
    [
      1.86350621052002,
      3293.07783654501
    ],
    [
      1.88749575872027,
      3261.37628375745
    ],
    [
      1.92698487531678,
      3232.83968966135
    ],
    [
      1.96597403316423,
      3204.30324072132
    ],
    [
      2.00146051465418,
      3164.67470302009
    ],
    [
      2.03844856674222,
      3131.38464690991
    ],
    [
      2.05843971571319,
      3104.43844316533
    ],
    [
      2.07992650505406,
      3061.64451130444
    ],
    [
      2.10141160004403,
      3012.5116623843
    ],
    [
      2.1298990826349,
      2974.46988613286
    ],
    [
      2.16238072857779,
      2915.82546819032
    ],
    [
      2.20936075465563,
      2855.59211145695
    ],
    [
      2.25633823920711,
      2785.85037913472
    ],
    [
      2.28982615646401,
      2750.97660985221
    ],
    [
      2.31882164597075,
      2743.04454447611
    ],
    [
      2.32730781348521,
      2693.91546961378
    ],
