{
  "designation": "J670LB",
  "manufacturer": "Loki Research",
  "diameter": 5.4e-05,
  "length": 0.00033,
  "total_mass": 0.0,
  "propellant_mass": 0.0,
  "case_mass": 0.0,
  "burn_time": 1.95684,
  "total_impulse": 1267.0371344141506,
  "avg_thrust": 647.4914323164646,
  "max_thrust": 797.10778,
  "thrust_curve": [
    [
      0.01573,
      7.75024
    ],
    [
      0.02374,
      55.86302
    ],
    [
      0.0305,
      207.70505
    ],
    [
      0.03696,
      369.41176
    ],
    [
      0.04086,
      541.17647
    ],
    [
      0.04672,
      633.80282
    ],
    [
      0.0528,
      671.20133
    ],
    [
      0.06497,
      711.35874
    ],
    [
      0.09539,
      726.7696
    ],
    [
      0.14,
      729.66785
    ],
    [
      0.18461,
      726.99254
    ],
    [
      0.22922,
      723.20253
    ],
    [
      0.27383,
      728.21872
    ],
    [
      0.31844,
      736.57905
    ],
    [
      0.36305,
      746.49996
    ],
    [
      0.40766,
      756.64382
    ],
    [
      0.45227,
      766.11885
    ],
    [
      0.49688,
      773.14152
    ],
    [
      0.54149,
      780.72155
    ],
    [
      0.5861,
      786.96392
    ],
    [
      0.63071,
      793.2063
    ],
    [
      0.67532,
      793.2063
    ],
    [
      0.71993,
      796.43895
    ],
    [
      0.76454,
      797.10778
    ],
    [
      0.80915,
      796.43895
    ],
    [
      0.85376,
      791.98012
    ],
    [
      0.89837,
      787.63275
    ],
    [
      0.94298,
      781.39037
    ],
    [
      0.98759,
      774.47917
    ],
    [
      1.0322,
      767.01062
    ],
    [
      1.07681,
      758.53883
    ],
    [
      1.12142,
      748.17203
    ],
    [
      1.16603,
      737.02493
    ],
    [
      1.21064,
      721.75341
    ],
    [
      1.25525,
      706.92777
    ],
    [
      1.29986,
      695.89214
    ],
    [
      1.34447,
      677.05355
    ],
    [
      1.38908,
      659.32967
    ],
    [
      1.43369,
      647.06786
    ],
    [
      1.4783,
      627.67191
    ],
    [
      1.52291,
      608.38744
    ],
    [
      1.56752,
      589.88326
    ],
    [
      1.61213,
      571.15613
    ],
    [
      1.65674,
      554.21255
    ],
    [
      1.70135,
      547.41282
    ],
    [
      1.73176,
      536.32146
    ],
    [
      1.74393,
      509.34548
    ],
    [
      1.75204,
      481.75642
    ],
    [
      1.76015,
      452.32809
    ],
    [
      1.76826,
      422.89975
    ],
    [
      1.77637,
      395.71941
    ],
    [
      1.78449,
      367.10853
    ],
    [
      1.7926,
      338.29329
    ],
    [
      1.80071,
      303.96023
    ],
    [
      1.80882,
      271.46645
    ],
    [
      1.81693,
      237.33775
    ],
    [
      1.82504,
      205.86578
    ],
    [
      1.83518,
      169.89782
    ],
    [
      1.84734,
      134.33858
    ],
    [
      1.85951,
      104.91025
    ],
    [
      1.87371,
      75.58409
    ],
    [
      1.89195,
      45.97183
    ],
    [
      1.9244,
      19.82074
    ],
    [
      1.95684,
      8.69594
    ]
  ],
  "delays": [],
  "url": "https://www.thrustcurve.org/motors/66225c88b1ba54000208d7b9.html"
}