{
  "designation": "N2700W-PS",
  "manufacturer": "AeroTech",
  "diameter": 7.5e-05,
  "length": 0.0012324999999999999,
  "total_mass": 0.0,
  "propellant_mass": 0.0,
  "case_mass": 0.0,
  "burn_time": 3.781,
  "total_impulse": 9990.789914500001,
  "avg_thrust": 2642.3670760380855,
  "max_thrust": 3586.07,
  "thrust_curve": [
    [
      0.0,
      0.0
    ],
    [
      0.006,
      23.881
    ],
    [
      0.026,
      1400.99
    ],
    [
      0.034,
      3251.74
    ],
    [
      0.051,
      3526.37
    ],
    [
      0.105,
      3434.83
    ],
    [
      0.14,
      3367.16
    ],
    [
      0.195,
      3335.32
    ],
    [
      0.274,
      3315.42
    ],
    [
      0.353,
      3315.42
    ],
    [
      0.442,
      3367.16
    ],
    [
      0.519,
      3406.97
    ],
    [
      0.645,
      3462.69
    ],
    [
      0.791,
      3502.49
    ],
    [
      0.916,
      3534.33
    ],
    [
      1.05,
      3534.33
    ],
    [
      1.15,
      3554.23
    ],
    [
      1.263,
      3578.11
    ],
    [
      1.381,
      3586.07
    ],
    [
      1.468,
      3578.11
    ],
    [
      1.575,
      3562.19
    ],
    [
      1.662,
      3538.31
    ],
    [
      1.742,
      3494.53
    ],
    [
      1.845,
      3466.67
    ],
    [
      1.971,
      3438.81
    ],
    [
      2.084,
      3410.95
    ],
    [
      2.19,
      3383.09
    ],
    [
      2.258,
      3343.28
    ],
    [
      2.283,
      3259.7
    ],
    [
      2.348,
      3020.9
    ],
    [
      2.392,
      2798.01
    ],
    [
      2.465,
      2491.54
    ],
    [
      2.52,
      2360.2
    ],
    [
      2.554,
      2280.6
    ],
    [
      2.619,
      2228.86
    ],
    [
      2.674,
      2280.6
    ],
    [
      2.705,
      2200.99
    ],
    [
      2.777,
      2001.99
    ],
    [
      2.852,
      1739.3
    ],
    [
      2.919,
      1552.24
    ],
    [
      2.982,
      1393.04
    ],
    [
      3.029,
      1245.77
    ],
    [
      3.059,
      1050.75
    ],
    [
      3.094,
      979.104
    ],
    [
      3.179,
      999.005
    ],
    [
      3.258,
      1030.85
    ],
    [
      3.323,
      975.124
    ],
    [
      3.412,
      827.861
    ],
    [
      3.505,
      636.816
    ],
    [
      3.582,
      417.91
    ],
    [
      3.643,
      238.806
    ],
    [
      3.704,
      87.562
    ],
    [
      3.751,
      27.861
    ],
    [
      3.781,
      0.0
    ]
  ],
  "delays": [],
  "url": "https://www.thrustcurve.org/motors/6623cf91f873440002ac6a28.html"
}