{
  "designation": "F35",
  "manufacturer": "Piotr Tendera Rocket Motors",
  "diameter": 2.9e-05,
  "length": 9.5e-05,
  "total_mass": 0.0,
  "propellant_mass": 0.0,
  "case_mass": 0.0,
  "burn_time": 2.201,
  "total_impulse": 67.01854850000001,
  "avg_thrust": 30.44913607451159,
  "max_thrust": 54.915,
  "thrust_curve": [
    [
      0.011,
      2.034
    ],
    [
      0.018,
      4.746
    ],
    [
      0.024,
      7.458
    ],
    [
      0.031,
      10.508
    ],
    [
      0.037,
      13.559
    ],
    [
      0.046,
      16.949
    ],
    [
      0.053,
      20.0
    ],
    [
      0.061,
      23.051
    ],
    [
      0.07,
      25.763
    ],
    [
      0.079,
      28.475
    ],
    [
      0.088,
      31.525
    ],
    [
      0.096,
      34.915
    ],
    [
      0.105,
      37.627
    ],
    [
      0.116,
      40.339
    ],
    [
      0.127,
      43.729
    ],
    [
      0.14,
      46.441
    ],
    [
      0.153,
      49.492
    ],
    [
      0.166,
      51.864
    ],
    [
      0.184,
      53.559
    ],
    [
      0.201,
      54.915
    ],
    [
      0.217,
      54.915
    ],
    [
      0.238,
      53.22
    ],
    [
      0.252,
      51.864
    ],
    [
      0.263,
      49.831
    ],
    [
      0.273,
      48.136
    ],
    [
      0.284,
      46.441
    ],
    [
      0.295,
      44.746
    ],
    [
      0.306,
      43.051
    ],
    [
      0.317,
      41.695
    ],
    [
      0.328,
      39.661
    ],
    [
      0.339,
      38.644
    ],
    [
      0.352,
      36.949
    ],
    [
      0.365,
      35.593
    ],
    [
      0.381,
      33.898
    ],
    [
      0.398,
      33.22
    ],
    [
      0.413,
      32.542
    ],
    [
      0.438,
      32.203
    ],
    [
      0.453,
      32.203
    ],
    [
      0.47,
      31.864
    ],
    [
      0.49,
      31.864
    ],
    [
      0.538,
      32.881
    ],
    [
      0.564,
      33.22
    ],
    [
      0.606,
      32.881
    ],
    [
      0.645,
      32.542
    ],
    [
      0.689,
      32.203
    ],
    [
      0.742,
      31.525
    ],
    [
      0.785,
      30.847
    ],
    [
      0.827,
      30.508
    ],
    [
      0.897,
      30.847
    ],
    [
      0.96,
      30.847
    ],
    [
      1.0,
      30.847
    ],
    [
      1.065,
      30.847
    ],
    [
      1.135,
      30.508
    ],
    [
      1.201,
      29.831
    ],
    [
      1.295,
      30.169
    ],
    [
      1.321,
      30.169
    ],
    [
      1.348,
      30.169
    ],
    [
      1.374,
      30.508
    ],
    [
      1.4,
      30.169
    ],
    [
      1.437,
      30.169
    ],
    [
      1.479,
      29.831
    ],
    [
      1.514,
      30.169
    ],
    [
      1.601,
      30.169
    ],
    [
      1.663,
      29.831
    ],
    [
      1.687,
      29.153
    ],
    [
      1.715,
      28.475
    ],
    [
      1.779,
      28.475
    ],
    [
      1.816,
      28.136
    ],
    [
      1.853,
      28.475
    ],
    [
      1.919,
      29.492
    ],
    [
      1.947,
      29.492
    ],
    [
      1.973,
      28.475
    ],
    [
      2.002,
      27.797
    ],
    [
      2.024,
      26.102
    ],
    [
      2.046,
      24.068
    ],
    [
      2.065,
      21.356
    ],
    [
      2.081,
      18.305
    ],
    [
      2.096,
      15.593
    ],
    [
      2.109,
      12.203
    ],
    [
      2.122,
      9.831
    ],
    [
      2.135,
      7.458
    ],
    [
      2.148,
      5.085
    ],
    [
      2.175,
      2.034
    ],
    [
      2.201,
      0.0
    ]
  ],
  "delays": [],
  "url": "https://www.thrustcurve.org/motors/66a0d4a4a8c15d000226a881.html"
}