{
  "designation": "E12",
  "manufacturer": "Piotr Tendera Rocket Motors",
  "diameter": 2.4e-05,
  "length": 9.5e-05,
  "total_mass": 0.0,
  "propellant_mass": 0.0,
  "case_mass": 0.0,
  "burn_time": 3.545,
  "total_impulse": 38.64243150000001,
  "avg_thrust": 10.900544851904092,
  "max_thrust": 28.341,
  "thrust_curve": [
    [
      0.028,
      0.216
    ],
    [
      0.063,
      0.431
    ],
    [
      0.103,
      0.647
    ],
    [
      0.151,
      1.078
    ],
    [
      0.182,
      1.509
    ],
    [
      0.218,
      2.047
    ],
    [
      0.258,
      3.017
    ],
    [
      0.289,
      3.987
    ],
    [
      0.329,
      5.28
    ],
    [
      0.361,
      7.112
    ],
    [
      0.385,
      8.944
    ],
    [
      0.412,
      10.776
    ],
    [
      0.432,
      12.823
    ],
    [
      0.448,
      14.655
    ],
    [
      0.46,
      16.272
    ],
    [
      0.468,
      17.457
    ],
    [
      0.48,
      19.828
    ],
    [
      0.484,
      20.797
    ],
    [
      0.492,
      22.091
    ],
    [
      0.504,
      24.353
    ],
    [
      0.519,
      25.97
    ],
    [
      0.531,
      27.371
    ],
    [
      0.535,
      28.341
    ],
    [
      0.555,
      27.586
    ],
    [
      0.559,
      25.647
    ],
    [
      0.571,
      23.276
    ],
    [
      0.579,
      22.198
    ],
    [
      0.595,
      21.875
    ],
    [
      0.615,
      21.228
    ],
    [
      0.63,
      19.935
    ],
    [
      0.65,
      18.427
    ],
    [
      0.678,
      17.026
    ],
    [
      0.71,
      15.948
    ],
    [
      0.749,
      14.978
    ],
    [
      0.797,
      13.901
    ],
    [
      0.833,
      13.578
    ],
    [
      0.876,
      13.362
    ],
    [
      0.924,
      13.362
    ],
    [
      0.967,
      12.608
    ],
    [
      0.999,
      11.961
    ],
    [
      1.039,
      11.207
    ],
    [
      1.106,
      11.099
    ],
    [
      1.193,
      11.207
    ],
    [
      1.249,
      11.207
    ],
    [
      1.312,
      11.099
    ],
    [
      1.376,
      11.422
    ],
    [
      1.435,
      11.422
    ],
    [
      1.483,
      11.207
    ],
    [
      1.55,
      11.315
    ],
    [
      1.63,
      10.776
    ],
    [
      1.741,
      10.884
    ],
    [
      1.836,
      10.884
    ],
    [
      1.891,
      11.207
    ],
    [
      1.907,
      11.638
    ],
    [
      1.943,
      11.099
    ],
    [
      1.998,
      11.099
    ],
    [
      2.078,
      10.991
    ],
    [
      2.094,
      11.53
    ],
    [
      2.197,
      11.53
    ],
    [
      2.224,
      11.099
    ],
    [
      2.276,
      11.099
    ],
    [
      2.355,
      11.099
    ],
    [
      2.407,
      11.422
    ],
    [
      2.47,
      11.422
    ],
    [
      2.526,
      11.53
    ],
    [
      2.581,
      11.315
    ],
    [
      2.665,
      11.53
    ],
    [
      2.696,
      11.315
    ],
    [
      2.732,
      11.53
    ],
    [
      2.795,
      11.746
    ],
    [
      2.847,
      11.53
    ],
    [
      2.93,
      11.53
    ],
    [
      2.994,
      11.853
    ],
    [
      3.033,
      11.746
    ],
    [
      3.081,
      11.853
    ],
    [
      3.125,
      11.961
    ],
    [
      3.18,
      11.961
    ],
    [
      3.275,
      11.746
    ],
    [
      3.319,
      10.56
    ],
    [
      3.37,
      9.052
    ],
    [
      3.414,
      6.573
    ],
    [
      3.446,
      4.095
    ],
    [
      3.481,
      1.832
    ],
    [
      3.505,
      0.431
    ],
    [
      3.545,
      0.0
    ]
  ],
  "delays": [],
  "url": "https://www.thrustcurve.org/motors/66a28863d1517d00027bf38d.html"
}