{
  "designation": "M1850W",
  "manufacturer": "AeroTech",
  "diameter": 7.5e-05,
  "length": 0.000923,
  "total_mass": 0.0,
  "propellant_mass": 0.0,
  "case_mass": 0.0,
  "burn_time": 4.717,
  "total_impulse": 7908.115363999998,
  "avg_thrust": 1676.5137511129954,
  "max_thrust": 4485.5,
  "thrust_curve": [
    [
      0.006,
      4485.5
    ],
    [
      0.022,
      4479.455
    ],
    [
      0.035,
      4485.5
    ],
    [
      0.057,
      4261.83
    ],
    [
      0.076,
      4068.385
    ],
    [
      0.088,
      3929.346
    ],
    [
      0.114,
      3747.992
    ],
    [
      0.196,
      3282.516
    ],
    [
      0.281,
      2877.491
    ],
    [
      0.341,
      2762.633
    ],
    [
      0.414,
      2708.226
    ],
    [
      0.483,
      2671.956
    ],
    [
      0.629,
      2611.504
    ],
    [
      0.752,
      2575.233
    ],
    [
      0.837,
      2551.053
    ],
    [
      0.932,
      2532.917
    ],
    [
      0.983,
      2514.782
    ],
    [
      1.043,
      2478.511
    ],
    [
      1.242,
      2369.698
    ],
    [
      1.412,
      2279.021
    ],
    [
      1.539,
      2224.615
    ],
    [
      1.709,
      2091.621
    ],
    [
      1.826,
      2085.576
    ],
    [
      1.959,
      2031.17
    ],
    [
      2.098,
      1946.538
    ],
    [
      2.215,
      1934.447
    ],
    [
      2.294,
      1867.951
    ],
    [
      2.351,
      1861.906
    ],
    [
      2.439,
      1861.906
    ],
    [
      2.487,
      1813.545
    ],
    [
      2.61,
      1795.409
    ],
    [
      2.793,
      1728.912
    ],
    [
      2.894,
      1662.416
    ],
    [
      3.008,
      1505.242
    ],
    [
      3.065,
      1408.52
    ],
    [
      3.175,
      1245.301
    ],
    [
      3.188,
      1620.1
    ],
    [
      3.21,
      1432.7
    ],
    [
      3.232,
      1269.481
    ],
    [
      3.254,
      1184.849
    ],
    [
      3.286,
      1130.443
    ],
    [
      3.308,
      1069.991
    ],
    [
      3.355,
      1027.675
    ],
    [
      3.412,
      930.953
    ],
    [
      3.45,
      870.501
    ],
    [
      3.479,
      1094.172
    ],
    [
      3.491,
      912.817
    ],
    [
      3.507,
      852.366
    ],
    [
      3.529,
      797.96
    ],
    [
      3.532,
      701.237
    ],
    [
      3.555,
      719.373
    ],
    [
      3.577,
      677.057
    ],
    [
      3.649,
      646.831
    ],
    [
      3.754,
      525.928
    ],
    [
      3.893,
      398.98
    ],
    [
      4.025,
      235.761
    ],
    [
      4.231,
      187.4
    ],
    [
      4.335,
      145.084
    ],
    [
      4.566,
      48.361
    ],
    [
      4.711,
      48.361
    ],
    [
      4.717,
      0.0
    ]
  ],
  "delays": [],
  "url": "https://www.thrustcurve.org/motors/5f4294d200023100000001cd.html"
}