{
  "designation": "1422K535-P",
  "manufacturer": "Animal Motor Works",
  "diameter": 5.4e-05,
  "length": 0.00040300000000000004,
  "total_mass": 0.0,
  "propellant_mass": 0.0,
  "case_mass": 0.0,
  "burn_time": 2.71,
  "total_impulse": 1436.1511894999999,
  "avg_thrust": 529.9450883763838,
  "max_thrust": 629.683,
  "thrust_curve": [
    [
      0.0,
      0.0
    ],
    [
      0.023,
      447.71
    ],
    [
      0.04,
      534.364
    ],
    [
      0.049,
      547.362
    ],
    [
      0.078,
      569.026
    ],
    [
      0.092,
      564.693
    ],
    [
      0.116,
      553.139
    ],
    [
      0.139,
      574.802
    ],
    [
      0.173,
      589.245
    ],
    [
      0.199,
      606.575
    ],
    [
      0.222,
      605.131
    ],
    [
      0.246,
      616.685
    ],
    [
      0.277,
      619.574
    ],
    [
      0.298,
      625.35
    ],
    [
      0.318,
      621.018
    ],
    [
      0.35,
      623.906
    ],
    [
      0.378,
      626.795
    ],
    [
      0.402,
      623.906
    ],
    [
      0.439,
      626.795
    ],
    [
      0.462,
      628.239
    ],
    [
      0.517,
      623.906
    ],
    [
      0.572,
      623.906
    ],
    [
      0.592,
      629.683
    ],
    [
      0.612,
      622.462
    ],
    [
      0.647,
      625.35
    ],
    [
      0.691,
      618.129
    ],
    [
      0.722,
      613.797
    ],
    [
      0.743,
      621.018
    ],
    [
      0.771,
      621.018
    ],
    [
      0.826,
      613.797
    ],
    [
      0.861,
      608.02
    ],
    [
      0.919,
      602.243
    ],
    [
      0.988,
      603.687
    ],
    [
      1.034,
      596.466
    ],
    [
      1.101,
      599.354
    ],
    [
      1.147,
      584.912
    ],
    [
      1.19,
      583.468
    ],
    [
      1.219,
      586.356
    ],
    [
      1.265,
      576.247
    ],
    [
      1.326,
      576.247
    ],
    [
      1.346,
      570.47
    ],
    [
      1.375,
      569.026
    ],
    [
      1.416,
      566.137
    ],
    [
      1.485,
      571.914
    ],
    [
      1.531,
      567.581
    ],
    [
      1.56,
      550.251
    ],
    [
      1.58,
      557.472
    ],
    [
      1.673,
      547.362
    ],
    [
      1.725,
      554.583
    ],
    [
      1.754,
      547.362
    ],
    [
      1.783,
      540.141
    ],
    [
      1.811,
      543.029
    ],
    [
      1.936,
      532.92
    ],
    [
      2.109,
      519.922
    ],
    [
      2.184,
      511.256
    ],
    [
      2.236,
      502.591
    ],
    [
      2.262,
      501.147
    ],
    [
      2.288,
      502.591
    ],
    [
      2.317,
      491.037
    ],
    [
      2.355,
      467.93
    ],
    [
      2.395,
      447.71
    ],
    [
      2.444,
      407.272
    ],
    [
      2.473,
      382.72
    ],
    [
      2.511,
      322.063
    ],
    [
      2.542,
      252.74
    ],
    [
      2.574,
      194.971
    ],
    [
      2.612,
      125.648
    ],
    [
      2.652,
      70.767
    ],
    [
      2.71,
      0.0
    ]
  ],
  "delays": [],
  "url": "https://www.thrustcurve.org/motors/5f4294d2000231000000026c.html"
}