{
  "designation": "L1365M",
  "manufacturer": "AeroTech",
  "diameter": 7.5e-05,
  "length": 0.000665,
  "total_mass": 0.0,
  "propellant_mass": 0.0,
  "case_mass": 0.0,
  "burn_time": 3.752,
  "total_impulse": 4782.551052,
  "avg_thrust": 1274.6671247334755,
  "max_thrust": 1623.6,
  "thrust_curve": [
    [
      0.0,
      0.0
    ],
    [
      0.009,
      166.808
    ],
    [
      0.013,
      618.303
    ],
    [
      0.022,
      940.799
    ],
    [
      0.03,
      1018.64
    ],
    [
      0.046,
      1160.98
    ],
    [
      0.059,
      1356.71
    ],
    [
      0.063,
      1496.83
    ],
    [
      0.076,
      1616.93
    ],
    [
      0.102,
      1434.55
    ],
    [
      0.15,
      1430.1
    ],
    [
      0.193,
      1472.36
    ],
    [
      0.245,
      1519.07
    ],
    [
      0.258,
      1541.31
    ],
    [
      0.282,
      1592.46
    ],
    [
      0.347,
      1623.6
    ],
    [
      0.393,
      1610.26
    ],
    [
      0.486,
      1574.67
    ],
    [
      0.556,
      1554.65
    ],
    [
      0.627,
      1539.08
    ],
    [
      0.673,
      1512.39
    ],
    [
      0.747,
      1479.03
    ],
    [
      0.779,
      1481.26
    ],
    [
      0.831,
      1496.83
    ],
    [
      0.885,
      1505.72
    ],
    [
      0.94,
      1523.52
    ],
    [
      0.987,
      1465.69
    ],
    [
      1.009,
      1532.41
    ],
    [
      1.026,
      1494.6
    ],
    [
      1.098,
      1534.64
    ],
    [
      1.142,
      1463.46
    ],
    [
      1.185,
      1505.72
    ],
    [
      1.224,
      1476.81
    ],
    [
      1.246,
      1523.52
    ],
    [
      1.296,
      1483.48
    ],
    [
      1.322,
      1516.84
    ],
    [
      1.346,
      1472.36
    ],
    [
      1.441,
      1501.27
    ],
    [
      1.504,
      1507.95
    ],
    [
      1.528,
      1601.36
    ],
    [
      1.589,
      1510.17
    ],
    [
      1.699,
      1512.39
    ],
    [
      1.732,
      1512.39
    ],
    [
      1.801,
      1463.46
    ],
    [
      1.864,
      1496.83
    ],
    [
      1.964,
      1521.29
    ],
    [
      2.007,
      1510.17
    ],
    [
      2.068,
      1450.12
    ],
    [
      2.129,
      1443.45
    ],
    [
      2.201,
      1510.17
    ],
    [
      2.237,
      1463.46
    ],
    [
      2.374,
      1474.59
    ],
    [
      2.457,
      1416.76
    ],
    [
      2.546,
      1427.88
    ],
    [
      2.632,
      1367.83
    ],
    [
      2.687,
      1403.41
    ],
    [
      2.776,
      1343.36
    ],
    [
      2.834,
      1425.65
    ],
    [
      2.897,
      1307.78
    ],
    [
      2.93,
      1347.81
    ],
    [
      2.947,
      1316.67
    ],
    [
      2.982,
      1361.15
    ],
    [
      3.051,
      1354.48
    ],
    [
      3.071,
      1330.02
    ],
    [
      3.14,
      1129.85
    ],
    [
      3.175,
      1029.76
    ],
    [
      3.227,
      842.938
    ],
    [
      3.277,
      582.717
    ],
    [
      3.307,
      449.27
    ],
    [
      3.353,
      329.168
    ],
    [
      3.414,
      184.601
    ],
    [
      3.479,
      88.964
    ],
    [
      3.527,
      48.93
    ],
    [
      3.587,
      20.017
    ],
    [
      3.663,
      17.793
    ],
    [
      3.711,
      8.896
    ],
    [
      3.752,
      0.0
    ]
  ],
  "delays": [],
  "url": "https://www.thrustcurve.org/motors/5f4294d200023100000003fc.html"
}