{
  "designation": "1196J745-P",
  "manufacturer": "Animal Motor Works",
  "diameter": 5.4e-05,
  "length": 0.000326,
  "total_mass": 0.0,
  "propellant_mass": 0.0,
  "case_mass": 0.0,
  "burn_time": 1.61,
  "total_impulse": 1198.297988,
  "avg_thrust": 744.2844645962732,
  "max_thrust": 864.521,
  "thrust_curve": [
    [
      0.0,
      0.0
    ],
    [
      0.016,
      666.494
    ],
    [
      0.019,
      715.262
    ],
    [
      0.029,
      744.818
    ],
    [
      0.04,
      746.296
    ],
    [
      0.053,
      768.463
    ],
    [
      0.063,
      778.808
    ],
    [
      0.075,
      812.798
    ],
    [
      0.087,
      823.142
    ],
    [
      0.112,
      839.398
    ],
    [
      0.127,
      834.965
    ],
    [
      0.144,
      846.787
    ],
    [
      0.156,
      846.787
    ],
    [
      0.173,
      848.265
    ],
    [
      0.205,
      848.265
    ],
    [
      0.213,
      848.265
    ],
    [
      0.221,
      858.61
    ],
    [
      0.242,
      858.61
    ],
    [
      0.269,
      860.088
    ],
    [
      0.279,
      863.043
    ],
    [
      0.3,
      860.088
    ],
    [
      0.322,
      864.521
    ],
    [
      0.34,
      861.566
    ],
    [
      0.348,
      858.61
    ],
    [
      0.362,
      861.566
    ],
    [
      0.385,
      860.088
    ],
    [
      0.414,
      858.61
    ],
    [
      0.443,
      855.654
    ],
    [
      0.459,
      861.566
    ],
    [
      0.47,
      858.61
    ],
    [
      0.478,
      861.566
    ],
    [
      0.489,
      855.654
    ],
    [
      0.528,
      849.743
    ],
    [
      0.55,
      855.654
    ],
    [
      0.585,
      848.265
    ],
    [
      0.619,
      849.743
    ],
    [
      0.637,
      846.787
    ],
    [
      0.661,
      846.787
    ],
    [
      0.736,
      834.965
    ],
    [
      0.826,
      817.231
    ],
    [
      0.92,
      795.064
    ],
    [
      1.057,
      755.163
    ],
    [
      1.156,
      722.651
    ],
    [
      1.228,
      707.873
    ],
    [
      1.305,
      693.095
    ],
    [
      1.347,
      679.794
    ],
    [
      1.392,
      666.494
    ],
    [
      1.416,
      666.494
    ],
    [
      1.426,
      666.494
    ],
    [
      1.448,
      666.494
    ],
    [
      1.477,
      666.494
    ],
    [
      1.48,
      665.016
    ],
    [
      1.485,
      633.982
    ],
    [
      1.493,
      561.569
    ],
    [
      1.515,
      366.498
    ],
    [
      1.533,
      257.14
    ],
    [
      1.555,
      162.56
    ],
    [
      1.583,
      81.28
    ],
    [
      1.61,
      0.0
    ]
  ],
  "delays": [],
  "url": "https://www.thrustcurve.org/motors/5f4294d20002310000000269.html"
}