{
  "designation": "K1800ST-P",
  "manufacturer": "AeroTech",
  "diameter": 7.5e-05,
  "length": 0.000402,
  "total_mass": 0.0,
  "propellant_mass": 0.0,
  "case_mass": 0.0,
  "burn_time": 1.424,
  "total_impulse": 2451.7256875,
  "avg_thrust": 1721.7174771769662,
  "max_thrust": 2075.61,
  "thrust_curve": [
    [
      0.012,
      9.756
    ],
    [
      0.018,
      19.512
    ],
    [
      0.022,
      39.024
    ],
    [
      0.025,
      180.488
    ],
    [
      0.029,
      578.049
    ],
    [
      0.035,
      1297.561
    ],
    [
      0.038,
      1719.512
    ],
    [
      0.042,
      1924.39
    ],
    [
      0.046,
      1868.293
    ],
    [
      0.05,
      1780.488
    ],
    [
      0.052,
      1697.561
    ],
    [
      0.056,
      1639.024
    ],
    [
      0.06,
      1682.927
    ],
    [
      0.065,
      1734.146
    ],
    [
      0.071,
      1695.122
    ],
    [
      0.077,
      1668.293
    ],
    [
      0.084,
      1717.073
    ],
    [
      0.093,
      1692.683
    ],
    [
      0.102,
      1731.707
    ],
    [
      0.114,
      1743.902
    ],
    [
      0.134,
      1758.537
    ],
    [
      0.163,
      1792.683
    ],
    [
      0.212,
      1851.22
    ],
    [
      0.262,
      1900.0
    ],
    [
      0.363,
      1982.927
    ],
    [
      0.447,
      2029.268
    ],
    [
      0.524,
      2056.098
    ],
    [
      0.621,
      2075.61
    ],
    [
      0.695,
      2070.732
    ],
    [
      0.769,
      2036.585
    ],
    [
      0.81,
      1992.683
    ],
    [
      0.852,
      1946.341
    ],
    [
      0.891,
      1909.756
    ],
    [
      0.947,
      1860.976
    ],
    [
      0.997,
      1797.561
    ],
    [
      1.045,
      1731.707
    ],
    [
      1.086,
      1670.732
    ],
    [
      1.143,
      1592.683
    ],
    [
      1.205,
      1507.317
    ],
    [
      1.249,
      1456.098
    ],
    [
      1.287,
      1424.39
    ],
    [
      1.307,
      1434.146
    ],
    [
      1.322,
      1431.707
    ],
    [
      1.332,
      1360.976
    ],
    [
      1.34,
      1243.902
    ],
    [
      1.346,
      1104.878
    ],
    [
      1.349,
      1009.756
    ],
    [
      1.353,
      912.195
    ],
    [
      1.357,
      785.366
    ],
    [
      1.364,
      612.195
    ],
    [
      1.374,
      434.146
    ],
    [
      1.386,
      253.659
    ],
    [
      1.401,
      104.878
    ],
    [
      1.414,
      31.707
    ],
    [
      1.424,
      0.0
    ]
  ],
  "delays": [],
  "url": "https://www.thrustcurve.org/motors/62f9c49d6ae9e200040442ab.html"
}