{
  "designation": "D20",
  "manufacturer": "Piotr Tendera Rocket Motors",
  "diameter": 2.4e-05,
  "length": 7.000000000000001e-05,
  "total_mass": 0.0,
  "propellant_mass": 0.0,
  "case_mass": 0.0,
  "burn_time": 1.2,
  "total_impulse": 22.825458000000005,
  "avg_thrust": 19.021215000000005,
  "max_thrust": 35.138,
  "thrust_curve": [
    [
      0.008,
      0.884
    ],
    [
      0.015,
      3.094
    ],
    [
      0.022,
      5.083
    ],
    [
      0.033,
      7.735
    ],
    [
      0.042,
      9.945
    ],
    [
      0.053,
      12.597
    ],
    [
      0.065,
      15.249
    ],
    [
      0.075,
      17.238
    ],
    [
      0.087,
      19.89
    ],
    [
      0.102,
      22.541
    ],
    [
      0.116,
      25.414
    ],
    [
      0.127,
      26.961
    ],
    [
      0.136,
      28.508
    ],
    [
      0.148,
      30.055
    ],
    [
      0.158,
      31.602
    ],
    [
      0.175,
      33.591
    ],
    [
      0.19,
      34.475
    ],
    [
      0.203,
      35.138
    ],
    [
      0.22,
      34.696
    ],
    [
      0.24,
      33.812
    ],
    [
      0.258,
      32.707
    ],
    [
      0.277,
      30.939
    ],
    [
      0.293,
      28.95
    ],
    [
      0.312,
      26.961
    ],
    [
      0.328,
      25.414
    ],
    [
      0.341,
      23.867
    ],
    [
      0.359,
      22.541
    ],
    [
      0.374,
      21.657
    ],
    [
      0.394,
      20.331
    ],
    [
      0.407,
      19.89
    ],
    [
      0.417,
      19.669
    ],
    [
      0.434,
      19.227
    ],
    [
      0.455,
      18.564
    ],
    [
      0.471,
      18.785
    ],
    [
      0.494,
      19.006
    ],
    [
      0.517,
      19.006
    ],
    [
      0.543,
      19.006
    ],
    [
      0.573,
      19.006
    ],
    [
      0.6,
      19.227
    ],
    [
      0.633,
      19.227
    ],
    [
      0.675,
      18.785
    ],
    [
      0.72,
      19.227
    ],
    [
      0.761,
      19.227
    ],
    [
      0.802,
      18.785
    ],
    [
      0.827,
      19.006
    ],
    [
      0.85,
      19.006
    ],
    [
      0.887,
      18.785
    ],
    [
      0.921,
      18.564
    ],
    [
      0.949,
      18.343
    ],
    [
      0.986,
      17.459
    ],
    [
      0.998,
      17.238
    ],
    [
      1.016,
      16.575
    ],
    [
      1.04,
      14.586
    ],
    [
      1.063,
      12.597
    ],
    [
      1.084,
      10.387
    ],
    [
      1.105,
      7.956
    ],
    [
      1.13,
      5.525
    ],
    [
      1.16,
      2.652
    ],
    [
      1.181,
      1.105
    ],
    [
      1.192,
      0.221
    ],
    [
      1.2,
      0.0
    ]
  ],
  "delays": [],
  "url": "https://www.thrustcurve.org/motors/66a0d3eaa8c15d000226a805.html"
}